age_bucket,round_pct
0-15,47.1068754254595
16-30,47.4251497005988
31-45,46.658472883699496
46-60,48.85333826521176
61-75,50.95367847411444
76-90,51.18790496760259
91-120,35.18292682926829
121+,18.421052631578945
